Subreddit,Post_compound,Comment_compound
AskAnAustralian,0.2150618181818182,0.2970890909090909
AskParents,0.17506052631578947,0.5330368421052633
AustralianPolitics,0.40433676470588237,0.3331102941176471
Education,0.011715384615384624,0.026223076923076922
Futurology,0.19887000000000002,0.318495
Parenting,0.4252073684210526,0.5641684210526317
SocialMedia,0.7456867469879519,0.7681578313253012
YouthRights,-0.19210789473684212,-0.19267236842105265
australia,0.22949090909090908,0.24453636363636366
privacy,0.24913230769230768,0.15783999999999998
teenagers,0.006577419354838711,0.1891790322580645
