Subreddit,Post_compound,Comment_compound,Full_compound
AskAnAustralian,0.2150618181818182,0.2970890909090909,0.29444909090909094
AskParents,0.17506052631578947,0.5330368421052633,0.5626868421052632
AustralianPolitics,0.40433676470588237,0.3331102941176471,0.5481823529411765
Education,0.011715384615384624,0.026223076923076922,0.11002307692307692
Futurology,0.19887000000000002,0.318495,0.256145
Parenting,0.4252073684210526,0.5641684210526317,0.5998915789473684
SocialMedia,0.7456867469879519,0.7681578313253012,0.8465759036144578
YouthRights,-0.19210789473684212,-0.19267236842105265,-0.3304421052631579
australia,0.22949090909090908,0.24453636363636366,0.3961727272727273
privacy,0.24913230769230768,0.15783999999999998,0.2521246153846154
teenagers,0.006577419354838711,0.1891790322580645,0.14746774193548387
